,index,WBC,RBC,HGB,Plat,predicted label,true label
0,408,-1.269893844387179,0.5111245761183848,0.21031105217498358,0.7644406720869035,4,1
1,406,-1.0605469694914624,-0.22924536472825,0.7905368008632778,1.5955747446814974,4,1
2,507,-1.0878856490395614,0.6813962431735944,-0.9501404452016048,-0.9461817062077155,4,4
3,662,-1.0436943588111274,-0.2528337751640214,1.370762549551572,-1.3757041083769632,1,4
4,395,-1.6331612301632883,-1.6924413480060463,0.7905368008632778,0.7804717191315766,1,1
5,50,1.0186906860023093,1.167591694178701,0.21031105217498358,1.052607880933903,4,4
6,493,-0.286450385574743,-1.1056473245304916,-1.5303661938898991,-1.3868005171619568,4,4
7,36,0.7299492896792369,0.46407265386138924,1.370762549551572,0.14082249837026112,4,1
8,31,1.3336472544947917,1.2075040630739031,-1.5303661938898991,0.2070093131231055,1,4
9,224,0.9209455440563665,-0.09124982336720275,0.7905368008632778,0.1452871710813997,4,1
10,87,0.4891442081802284,0.36320395182924614,0.21031105217498358,-0.06134101509375236,4,1
11,398,-1.6080695653725672,1.182047982657809,-0.3699146965133106,0.03568076148280376,4,1
12,159,0.21238689056317198,0.31819688130809376,1.370762549551572,1.1273846215461893,4,4
13,691,0.3408412341932807,0.6176427619945836,-0.3699146965133106,-0.00901818402286472,4,4
14,657,-0.4062911726349027,-0.1574431844582993,0.7905368008632778,-1.3626495098063824,4,1
15,479,-1.264276307493734,-0.21444342659493007,-0.3699146965133106,-0.6985620805209398,4,4
16,661,-1.5432806398681684,-1.7673340428313056,-1.5303661938898991,1.7323608285040424,1,4
17,345,0.21088888072491999,0.9462568261062693,1.370762549551572,1.2526304402323412,4,1
18,455,0.22624348156700297,-0.7952452211911599,0.21031105217498358,-0.4359557756751375,4,4
19,257,1.0198141933809983,-0.19542107713749046,-0.9501404452016048,1.100152728927958,4,1
20,677,-1.3024755583691598,1.0015230107339534,0.21031105217498358,-1.3463312615931566,4,1
21,213,0.8954793768060826,-0.006234531525730789,-0.9501404452016048,-0.5945430391105524,4,1
22,572,0.8625231603645387,0.9299067260763522,-0.9501404452016048,0.7708113161893468,1,4
23,626,-0.35123931107914186,1.5390721246505783,-0.3699146965133106,-1.518886945499093,4,4
24,362,-1.0908816687160654,-1.4339883544615393,-1.5303661938898991,0.21959394614514535,1,4
25,478,1.0422843409547784,0.10538126059536126,-0.3699146965133106,-0.34081386129274505,4,4
26,209,-1.1953678549341422,1.6494563583398556,-0.9501404452016048,-1.6549158626045444,1,1
27,320,0.22998850616263294,0.8053799027538066,0.21031105217498358,0.39990406160200664,4,4
28,4,-0.5733192696000003,-0.8659116954544136,0.21031105217498358,-0.33692359091871193,4,1
29,687,0.16707209295604908,-0.8158563972103982,0.21031105217498358,0.08894352365077321,4,1
30,91,-0.30442650363376694,0.7111656827199829,0.7905368008632778,0.6276545882643584,4,4
31,295,1.0048340949984784,-0.35834115364807034,-0.9501404452016048,1.1941980570304216,4,4
32,202,1.3789620521019146,0.5494016445487008,-0.3699146965133106,-0.7232352718193374,4,4
33,347,0.658793822362267,0.1389121816728819,0.21031105217498358,-1.582097311777845,4,1
34,384,-0.2504981494566951,-0.17246296901234118,1.370762549551572,-0.5481208865935673,1,1
35,413,0.7666505307164109,-0.40504742625085377,-1.5303661938898991,-0.3984629685804296,4,4
36,665,0.7778856045033008,-0.08077576745889198,1.370762549551572,-1.2660193711869439,4,4
37,77,-0.9066264586110697,0.5947630785808942,-1.5303661938898991,1.5070123479786777,1,4
38,17,1.5680857941812292,0.44372289354701727,0.21031105217498358,-0.8231812784757037,4,1
39,331,0.18841873315114005,1.253097866621533,-1.5303661938898991,0.9880920547980928,1,1
40,22,-1.1968658647723942,0.89328238582458,0.7905368008632778,0.5354107947646348,4,4
41,250,-0.6148890426114934,-0.16246236599173275,0.7905368008632778,-1.4771644484675168,4,4
42,114,-0.2591117060266441,-0.707810381770203,-0.3699146965133106,1.2258946223597917,1,1
43,435,-0.1849602190331702,1.4080796195610057,1.370762549551572,0.8353532515222981,4,4
44,229,-0.8051362920694969,0.24209296038362055,0.7905368008632778,1.8004536146481918,4,4
45,83,-0.8549451191913758,1.1033153815899577,0.7905368008632778,0.2574522819998295,4,4
46,80,-0.1800916870588512,-0.19780286467071698,0.7905368008632778,-1.5518106430940977,4,1
47,360,0.3629368793074977,0.39510247706082374,-0.3699146965133106,0.1756782765537117,4,4
48,274,-0.2242829772872851,-0.7483617668328559,-0.3699146965133106,0.7764509027718377,4,4
49,76,-0.7321083124547121,0.7455389432909617,0.7905368008632778,-0.09173212056606435,4,1
50,84,-1.6496393383840602,-0.8729466825342607,-0.3699146965133106,0.6008143336032443,1,4
51,644,0.13037085191887515,1.427046781258529,-1.5303661938898991,1.5386305857166243,1,4
52,308,-1.661623417090076,1.3694830430469642,-1.5303661938898991,1.7275567362300688,1,1
53,656,-0.40966169477096975,-1.1670742059361923,0.7905368008632778,0.21896732541375746,1,4
54,151,0.5078693311583784,0.27759321310446755,-0.9501404452016048,0.5916500054066967,4,1
55,205,0.24159808240908592,-0.41223345351573476,-0.9501404452016048,0.874778139205452,4,1
56,279,-1.2301965836735012,-1.4842731176020485,-1.5303661938898991,0.6129551102738845,1,4
57,663,1.2467626838761758,-1.5374218350203153,0.7905368008632778,-0.07523110797285028,4,4
58,348,0.9441646965492725,-0.870713030567125,0.7905368008632778,1.619438550868519,1,4
59,6,0.16931910771342706,1.3597380464933362,-0.9501404452016048,-0.2001113978990257,1,1
60,339,1.5253925137910473,-0.8491927088187405,-0.9501404452016048,-0.597232286416092,4,1
61,640,-0.9541882709755706,-0.6885062842752963,1.370762549551572,0.40233221693613463,1,4
62,463,-0.5220124326398695,0.30231732954693596,0.7905368008632778,-1.5536905052882612,4,4
63,222,-1.270642849306305,1.2492405326652833,0.21031105217498358,0.8368936941536266,4,1
64,513,0.694746058480315,0.48816065875534964,-0.9501404452016048,1.032112161178091,1,4
65,387,-1.280379913254943,-1.6290393257191336,-0.3699146965133106,-1.4264342784222401,4,1
66,447,-1.5586352407102513,0.4547255901029466,-1.5303661938898991,-1.0971189748807701,4,4
67,60,-1.4601410938451826,-0.4846252714311062,-0.3699146965133106,0.4538456628956463,4,1
68,469,-1.5211849947539515,-0.5894093997983583,0.7905368008632778,-1.3936150176158,4,4
69,431,1.638866759038636,1.7041270960842332,1.370762549551572,-0.1208438753784594,4,4
70,386,-1.18637979590463,1.4642636637746649,1.370762549551572,-0.5866841707710628,1,1
71,330,-0.36172537994690585,0.48805318785446017,1.370762549551572,-0.16439401620991678,1,4
72,420,0.18092868395988004,0.11209093035359695,0.21031105217498358,0.1756260581594294,4,4
73,192,0.1539645068713441,0.47951070354321723,-0.3699146965133106,0.27763469138994734,4,4
74,39,0.13374137405494216,-0.2848339620586026,1.370762549551572,-0.14551706667685702,1,1
75,414,0.19628328480196303,0.7664609135370967,1.370762549551572,0.5069517698807687,4,4
76,172,1.200324378890364,-0.5865919194236878,0.7905368008632778,-1.3678713492346148,4,1
77,323,0.9789934252886314,0.005784781660234259,0.7905368008632778,-1.315052443418045,4,1
78,292,-0.32202811923322794,0.4292375588784799,0.7905368008632778,-0.43130833858401074,4,1
79,168,1.5197749768976023,-1.0250499581012606,-0.9501404452016048,-0.4299245511355292,4,4
80,107,-0.5197654178824915,-1.0014818799980898,-1.5303661938898991,1.3468063143205107,1,4
81,243,1.0033360851602264,-0.6018963566341398,0.21031105217498358,1.1621098537439343,4,4
82,529,-0.3268966512075469,-0.49021956751524554,1.370762549551572,0.29695549727440684,1,1
83,568,0.42435528267582956,1.482037027086632,1.370762549551572,1.4257344172782418,4,4
84,553,-0.3789524930868038,-1.7581031638305813,0.21031105217498358,-1.4030665469809005,4,1
85,25,-0.9320926258613537,0.7298046224769519,1.370762549551572,-0.8844595641660097,1,4
86,7,1.2209220141663288,-0.7642500324508426,-1.5303661938898991,1.0566286972936418,4,4
87,489,-1.6208026489977092,-0.49830893127138687,-1.5303661938898991,-1.15871057093677,1,1
88,275,1.631002207387813,-0.8973367677982889,1.370762549551572,0.8260061589457622,4,1
89,660,0.7453038905213198,0.8183054570499749,0.21031105217498358,-0.505223475690639,4,1
90,518,0.9355511399793235,0.05006279282670385,1.370762549551572,1.1726579693889634,4,1
91,195,0.8584036333093457,-1.7260274568434832,0.21031105217498358,0.7749104601405092,1,1
92,437,1.3400137963073626,0.7775478440423718,1.370762549551572,0.04714269902777366,4,1
93,558,-0.5770642941956304,-0.42698310850808147,-1.5303661938898991,1.4481883268196407,1,1
94,452,-1.6204281465381463,-0.7003803665141134,-1.5303661938898991,-0.9596540519325548,1,1
95,242,1.0512723999842903,0.5841873610095798,-1.5303661938898991,1.2209599841001122,1,1
96,14,-0.6504667762699783,0.944572147119353,1.370762549551572,-1.3692029182888141,1,1
97,23,-1.5402846201916645,-0.626919648827733,-0.3699146965133106,-0.1782318906947324,4,4
98,612,1.3587389192855126,-1.008574959456796,-1.5303661938898991,-1.540061504380575,4,4
99,316,1.0231847155170652,-0.5538220085092225,-1.5303661938898991,-0.09896436817416608,4,1
100,450,1.3160456388953308,-1.4806278208286348,0.7905368008632778,-0.9712204262660894,4,1
101,298,1.0516469024438533,1.2726982352486216,0.7905368008632778,-0.04805143374890116,4,1
102,344,0.8482920669011447,0.06449874897321094,0.21031105217498358,0.3242396082869206,4,4
103,544,0.7430568757639419,0.3189811284226928,1.370762549551572,1.0166032980762412,4,4
104,69,1.3175436487335828,-0.8572501217665093,-1.5303661938898991,1.466804184381289,4,4
105,525,-0.5954149147142174,1.3283826850040918,-1.5303661938898991,0.4467961796675327,1,4
106,18,1.1688661722870721,1.4037459280981106,-1.5303661938898991,0.3800088533804416,1,1
107,438,-1.6361572498397923,-1.2393382206180734,-0.3699146965133106,-0.8101266799051229,4,4
108,215,-1.229822081213938,-1.0478976907065773,0.21031105217498358,-0.08974782158333607,4,1
109,570,1.23477860517016,1.064361536945932,1.370762549551572,-0.9279052682089024,4,4
110,63,0.2528331561959759,-1.3394517217250472,0.21031105217498358,-0.08852068931770148,1,1
111,217,-0.07186047624514443,-1.227699412513636,-1.5303661938898991,0.6809173504323278,1,4
112,46,1.0321727745465774,1.505012562925439,0.7905368008632778,0.11599265188901653,4,1
113,509,0.5367060205447294,-1.1226015853005444,-0.9501404452016048,1.1144866781584557,1,1
114,534,1.174109206720954,1.4054335117039698,1.370762549551572,-0.5088787632904016,4,4
115,607,0.8988498989421496,0.8967998793645036,1.370762549551572,-0.8781672476549898,4,4
116,552,-1.256037253383348,0.6662922246702067,-0.3699146965133106,-0.40579965297709597,4,4
117,671,0.07906401495874427,1.3448170189833548,1.370762549551572,1.081719635746298,4,4
118,93,1.0052085974580414,-0.7460990686762907,-0.9501404452016048,-1.6427489767367631,4,1
119,634,1.2748503683434007,-0.9604105681446472,-0.3699146965133106,-1.2504843988879528,4,4
120,611,1.629129695089998,0.056264154269921686,0.21031105217498358,-0.9293151648545251,4,1
121,100,0.9329296227623826,-1.1698800678350907,1.370762549551572,1.0773071814294417,1,1
122,111,-0.024298663880643525,0.18777077691239813,-0.3699146965133106,0.6784369767039174,4,4
123,605,-0.12429082058396432,0.1592328957978243,1.370762549551572,0.6147044264823422,4,1
124,16,-0.0362827425866595,0.49715916824063716,-0.9501404452016048,0.26588555267642466,4,1
125,324,-0.8321004691580328,0.7931020784819182,-0.3699146965133106,0.10742883522671555,4,1
126,373,1.4609780907462115,0.2657917463392244,1.370762549551572,-0.9272525382803734,4,4
127,453,-0.5291279793715665,-1.047560754909194,0.7905368008632778,-0.21366207121528852,4,4
128,98,0.5588016656589463,0.9238302632476816,-1.5303661938898991,-0.8535462747508745,4,4
129,411,-0.00033050646861157554,-0.8467150688603964,1.370762549551572,0.49233061948171836,1,4
130,96,1.3407628012264887,-0.7108834686118537,-0.3699146965133106,-1.2091013214192117,4,1
131,439,1.4152887906795255,-0.13705856871661184,0.7905368008632778,-0.9238844518491636,4,4
132,623,-1.5327945710004045,1.463833780171107,0.7905368008632778,-1.4604023439028913,1,4
133,179,-0.4815661670070656,-0.5907164783226899,1.370762549551572,-1.3037993794502045,1,4
134,74,1.1688661722870721,-1.5215684248296442,-0.9501404452016048,-0.4222745563731689,4,1
135,436,-0.5429845703753975,-0.14338773339331987,-0.9501404452016048,1.6447644720954457,1,1
136,216,-0.9219810594531527,-1.653754728304773,0.7905368008632778,-0.8413793888830933,4,4
137,542,-1.1103557966133413,-1.6461097712469046,0.21031105217498358,-1.138162632786676,4,1
138,432,1.201822388728616,0.974876036551246,1.370762549551572,-0.09927767853986001,4,1
139,315,1.683432551726633,-1.7083121859103751,-0.3699146965133106,0.07468790201169904,1,1
